{
  "box": [
    1046,
    271,
    1411,
    636
  ],
  "cfg": {
    "arc": {
      "color": "#ff6060",
      "op": 1
    },
    "dram": {
      "ch": [
        "#34e082",
        "#38dcf0",
        "#6398ff",
        "#b482ff",
        "#f078dc",
        "#ff6e6e",
        "#ffae3c",
        "#dede5c"
      ],
      "op": 1
    },
    "eth": {
      "color": "#38d2f0",
      "op": 1
    },
    "l2cpu": {
      "color": "#c884ff",
      "op": 1
    },
    "niu0": {
      "color": "#cf83ff",
      "op": 0.85,
      "show": false
    },
    "niu1": {
      "color": "#36ecff",
      "op": 0.85,
      "show": false
    },
    "noc0": {
      "color": "#cf83ff",
      "h": {
        "a": 0,
        "s": 26,
        "w": 14
      },
      "op": 1,
      "show": true,
      "v": {
        "a": 0,
        "s": 26,
        "w": 14
      }
    },
    "noc1": {
      "color": "#36ecff",
      "h": {
        "a": 0,
        "s": 26,
        "w": 14
      },
      "op": 1,
      "show": true,
      "v": {
        "a": 0,
        "s": 26,
        "w": 14
      }
    },
    "pcie": {
      "color": "#6398ff",
      "op": 1
    },
    "security": {
      "color": "#f6d344",
      "op": 1
    },
    "tensix": {
      "color": "#c91d1d",
      "op": 0.9
    }
  },
  "dramPos": [
    [
      1050.496715470732,
      748.1922270543771
    ],
    [
      1163.8189283557065,
      750.1971448837041
    ],
    [
      1280.9552070470513,
      751.0499960217013
    ],
    [
      1395.9621606563119,
      752.3863888019965
    ],
    [
      1049.4233511177206,
      152.62104056000823
    ],
    [
      1166.0490962059755,
      152.7310930425481
    ],
    [
      1285.9443536085682,
      156.52501405372976
    ],
    [
      1397.0521412743274,
      154.3082333737585
    ]
  ],
  "dramSize": [
    88,
    100
  ]
}